a,an,,,,,,,,,,,,,,,,,,,,,,,,,,,,,,,,,,,,,
by,near,nearing,nearin,naer,neared,neard,naered,nigh,,,,,,,,,,,,,,,,,,,,,,,,,,,,,,
i,im,,,,,,,,,,,,,,,,,,,,,,,,,,,,,,,,,,,,,
for,fo,,,,,,,,,,,,,,,,,,,,,,,,,,,,,,,,,,,,,
home,hoem,homes,house,huose,hous,housed,housd,housing,housin,houses,huoses,apartment,aprtment,apt,apartmen,apratment,apartments,,,,,,,,,,,,,,,,,,,,,
will,gonna,shall,finna,,,,,,,,,,,,,,,,,,,,,,,,,,,,,,,,,,,
not,aint,,,,,,,,,,,,,,,,,,,,,,,,,,,,,,,,,,,,,
your,youre,yuor,yuore,yor,yur,ur,yours,yuors,,,,,,,,,,,,,,,,,,,,,,,,,,,,,,
more,mroe,moar,moer,mo,additional,additiona,aditional,additonal,additoinal,extra,extar,xtra,extras,,,,,,,,,,,,,,,,,,,,,,,,,
about,around,abuot,aruond,,,,,,,,,,,,,,,,,,,,,,,,,,,,,,,,,,,
do,did,does,deos,doing,doin,diong,doings,,,,,,,,,,,,,,,,,,,,,,,,,,,,,,,
but,however,hoever,howevr,howver,,,,,,,,,,,,,,,,,,,,,,,,,,,,,,,,,,
other,othr,ohter,othe,,,,,,,,,,,,,,,,,,,,,,,,,,,,,,,,,,,
no,nay,naw,yeet,,,,,,,,,,,,,,,,,,,,,,,,,,,,,,,,,,,
info,information,ifno,imformation,informatoin,infomation,infromation,informtion,informatio,,,,,,,,,,,,,,,,,,,,,,,,,,,,,,
up,upwards,upwrds,upward,upwrads,,,,,,,,,,,,,,,,,,,,,,,,,,,,,,,,,,
their,thier,hteir,,,,,,,,,,,,,,,,,,,,,,,,,,,,,,,,,,,,
use,used,using,usin,uses,,,,,,,,,,,,,,,,,,,,,,,,,,,,,,,,,,
see,seen,seeing,seein,saw,c,peep,peeped,,,,,,,,,,,,,,,,,,,,,,,,,,,,,,,
here,hither,hther,hithr,hihter,ere,,,,,,,,,,,,,,,,,,,,,,,,,,,,,,,,,
business,biz,busines,bisnis,bisness,bidnis,bidness,busness,buisness,,,,,,,,,,,,,,,,,,,,,,,,,,,,,,
web,net,,,,,,,,,,,,,,,,,,,,,,,,,,,,,,,,,,,,,
also,likewise,aslo,,,,,,,,,,,,,,,,,,,,,,,,,,,,,,,,,,,,
help,helping,helpin,helped,heped,helpd,aid,aided,aidd,aiding,aidin,assist,asist,assits,assis,assisted,assistd,assisting,assistin,,,,,,,,,,,,,,,,,,,,
get,getting,gettin,got,,,,,,,,,,,,,,,,,,,,,,,,,,,,,,,,,,,
view,veiw,viewing,viewin,viewed,viewd,look,looked,lookd,looking,lookin,,,,,,,,,,,,,,,,,,,,,,,,,,,,
would,wuold,wud,,,,,,,,,,,,,,,,,,,,,,,,,,,,,,,,,,,,
service,srevice,services,serviced,servicd,servicing,servicin,,,,,,,,,,,,,,,,,,,,,,,,,,,,,,,,
some,sume,sum,soem,,,,,,,,,,,,,,,,,,,,,,,,,,,,,,,,,,,
these,deez,those,tees,,,,,,,,,,,,,,,,,,,,,,,,,,,,,,,,,,,
click,cilck,clicked,clickd,cilcked,clicking,cilking,clickin,,,,,,,,,,,,,,,,,,,,,,,,,,,,,,,
like,liek,liked,likd,likde,liking,likin,,,,,,,,,,,,,,,,,,,,,,,,,,,,,,,,
find,fidn,finding,findin,found,discover,discovr,dscover,discovre,fnid,,,,,,,,,,,,,,,,,,,,,,,,,,,,,
price,cost,fee,expense,pricey,priced,pricd,,,,,,,,,,,,,,,,,,,,,,,,,,,,,,,,
date,dated,dating,daet,daetd,dates,,,,,,,,,,,,,,,,,,,,,,,,,,,,,,,,,
back,bakc,,,,,,,,,,,,,,,,,,,,,,,,,,,,,,,,,,,,,
people,peopel,persons,dudes,homies,homeis,guys,gals,chaps,poeple,doods,lads,,,,,,,,,,,,,,,,,,,,,,,,,,,
list,lists,listed,listd,listing,listin,lsit,,,,,,,,,,,,,,,,,,,,,,,,,,,,,,,,
name,naem,naming,namin,named,namd,nmed,,,,,,,,,,,,,,,,,,,,,,,,,,,,,,,,
just,jsut,juts,,,,,,,,,,,,,,,,,,,,,,,,,,,,,,,,,,,,
over,ovre,,,,,,,,,,,,,,,,,,,,,,,,,,,,,,,,,,,,,
state,stated,statd,stating,statin,staet,,,,,,,,,,,,,,,,,,,,,,,,,,,,,,,,,
year,yaer,years,yaers,,,,,,,,,,,,,,,,,,,,,,,,,,,,,,,,,,,
day,days,,,,,,,,,,,,,,,,,,,,,,,,,,,,,,,,,,,,,
into,within,itno,witin,,,,,,,,,,,,,,,,,,,,,,,,,,,,,,,,,,,
email,emailed,emailing,emaild,emailin,emal,emial,emialed,emaling,imailed,,,,,,,,,,,,,,,,,,,,,,,,,,,,,
health,healthy,wellbeing,wellveing,haelth,healht,,,,,,,,,,,,,,,,,,,,,,,,,,,,,,,,,
world,earth,worlds,earht,aerth,wolrd,wrolds,,,,,,,,,,,,,,,,,,,,,,,,,,,,,,,,
go,going,goin,gone,,,,,,,,,,,,,,,,,,,,,,,,,,,,,,,,,,,
work,working,worked,works,workd,workin,werk,,,,,,,,,,,,,,,,,,,,,,,,,,,,,,,,
last,lasting,lasted,lastd,lastin,lsat,,,,,,,,,,,,,,,,,,,,,,,,,,,,,,,,,
product,products,porduct,porducts,,,,,,,,,,,,,,,,,,,,,,,,,,,,,,,,,,,
buy,buying,buyin,buys,,,,,,,,,,,,,,,,,,,,,,,,,,,,,,,,,,,
make,making,makin,made,maek,maed,,,,,,,,,,,,,,,,,,,,,,,,,,,,,,,,,
them,dem,htem,,,,,,,,,,,,,,,,,,,,,,,,,,,,,,,,,,,,
should,shuold,shuld,,,,,,,,,,,,,,,,,,,,,,,,,,,,,,,,,,,,
system,sytem,ssytem,systm,sstem,syste,sytsem,,,,,,,,,,,,,,,,,,,,,,,,,,,,,,,,
post,posting,posted,postin,postn,postd,,,,,,,,,,,,,,,,,,,,,,,,,,,,,,,,,
her,hre,,,,,,,,,,,,,,,,,,,,,,,,,,,,,,,,,,,,,
city,town,metropolis,cities,towns,twon,metorpolis,metropoils,metropoli,,,,,,,,,,,,,,,,,,,,,,,,,,,,,,
add,adding,addin,added,addd,,,,,,,,,,,,,,,,,,,,,,,,,,,,,,,,,,
policy,protocol,policies,protocols,polcies,policeis,portocols,portocol,protoco,,,,,,,,,,,,,,,,,,,,,,,,,,,,,,
please,plaese,pls,plz,pleas,,,,,,,,,,,,,,,,,,,,,,,,,,,,,,,,,,
available,avialabe,availabl,,,,,,,,,,,,,,,,,,,,,,,,,,,,,,,,,,,,
copyright,copyrihgt,copyrights,coypright,,,,,,,,,,,,,,,,,,,,,,,,,,,,,,,,,,,
support,supprt,sipport,supports,supported,supporting,supportd,supportin,,,,,,,,,,,,,,,,,,,,,,,,,,,,,,,
message,mesage,memo,msg,messaging,messagin,messages,messaged,messagd,,,,,,,,,,,,,,,,,,,,,,,,,,,,,,
after,atfer,,,,,,,,,,,,,,,,,,,,,,,,,,,,,,,,,,,,,
best,bestest,bested,bests,bestd,besting,goodest,greatest,greatets,geartest,finest,a1,,,,,,,,,,,,,,,,,,,,,,,,,,,
software,sotware,softwar,softwaer,softwear,,,,,,,,,,,,,,,,,,,,,,,,,,,,,,,,,,
good,gooder,great,graet,greats,graets,excellent,excelent,excellen,exellent,excellant,exceptional,exeptional,marvelous,superb,satisfactory,wonderful,wonderdful,,,,,,,,,,,,,,,,,,,,,
video,vid,vidoe,videos,,,,,,,,,,,,,,,,,,,,,,,,,,,,,,,,,,,
rights,ritgts,,,,,,,,,,,,,,,,,,,,,,,,,,,,,,,,,,,,,
public,publi,pubic,pulbic,,,,,,,,,,,,,,,,,,,,,,,,,,,,,,,,,,,
book,books,boks,highs,,,,,,,,,,,,,,,,,,,,,,,,,,,,,,,,,,,
high,aloft,hihg,,,,,,,,,,,,,,,,,,,,,,,,,,,,,,,,,,,,
through,thruogh,thrugh,throgh,thruoh,throug,,,,,,,,,,,,,,,,,,,,,,,,,,,,,,,,,
each,every,erry,all,aech,eahc,evry,,,,,,,,,,,,,,,,,,,,,,,,,,,,,,,,
link,links,likns,,,,,,,,,,,,,,,,,,,,,,,,,,,,,,,,,,,,
she,hse,,,,,,,,,,,,,,,,,,,,,,,,,,,,,,,,,,,,,
review,reviews,reveiw,reveiws,revie,,,,,,,,,,,,,,,,,,,,,,,,,,,,,,,,,,
order,orders,ordr,odrer,ordre,,,,,,,,,,,,,,,,,,,,,,,,,,,,,,,,,,
very,vrey,veyr,,,,,,,,,,,,,,,,,,,,,,,,,,,,,,,,,,,,
privacy,privcy,prviacy,private,privac,priate,privite,privaet,privacies,secrecy,secrecies,secricy,secrcey,scerecy,secret,sceret,secert,confidential,confidentail,confidentiality,confidentaility,isolation,isolatoin,concealment,concealmen,,,,,,,,,,,,,,
item,items,ietm,itmes,thing,ting,thign,thnig,thang,,,,,,,,,,,,,,,,,,,,,,,,,,,,,,
company,compny,compiny,cmopany,cmpanu,compan,,,,,,,,,,,,,,,,,,,,,,,,,,,,,,,,,
read,raed,rede,reading,raeding,readin,reads,,,,,,,,,,,,,,,,,,,,,,,,,,,,,,,,
group,gruop,grup,goup,grou,gang,gnag,gagn,club,culb,faction,fcation,factoin,squad,sqad,sqau,sqaud,,,,,,,,,,,,,,,,,,,,,,
sex,sxe,sexed,sexd,sexing,sexin,sexes,,,,,,,,,,,,,,,,,,,,,,,,,,,,,,,,
need,needs,needed,needd,needing,needin,neded,require,reqire,reqiure,requir,required,reqiured,requird,requiring,requirn,reqiuring,want,wnat,wanted,wnated,wantd,wanting,wantin,wnating,desire,desir,desrie,desired,desird,desiring,desirin,,,,,,,
many,mnay,hella,hela,plentiful,pleniful,plentifu,abounding,abuonding,anounding,aboudin,abundant,abindan,abnudant,abundent,copious,copous,copiou,copius,substantial,substanial,substanal,substantia,substantail,bountiful,bountifu,bontiful,buontiful,countless,countles,cuontless,counless,coutless,countess,multitude,multitud,mlutitude,multude,multitudes
say,said,siad,says,saying,sayin,declare,decare,declar,dclare,declae,declares,declars,declaring,declarin,declari,declared,declard,,,,,,,,,,,,,,,,,,,,,
set,setting,setng,seting,setin,settin,,,,,,,,,,,,,,,,,,,,,,,,,,,,,,,,,
under,undr,udner,below,belw,belo,beneath,benaeth,beneaht,bneath,,,,,,,,,,,,,,,,,,,,,,,,,,,,,
general,generals,gneral,generel,gnerals,genera,generels,genral,genrals,,,,,,,,,,,,,,,,,,,,,,,,,,,,,,
research,rsearch,reserch,resarch,resaerch,researc,resear,reseahc,researched,researchd,reserched,rsearched,resaerched,researching,researchin,resaerching,,,,,,,,,,,,,,,,,,,,,,,
university,edu,universiy,universit,unversity,univrsity,universities,college,cllege,colleg,colleges,colege,coleges,,,,,,,,,,,,,,,,,,,,,,,,,,
january,janary,janaury,januar,jan,,,,,,,,,,,,,,,,,,,,,,,,,,,,,,,,,,
mail,mial,mailed,maild,mialed,miald,mails,mailing,mailin,mialing,,,,,,,,,,,,,,,,,,,,,,,,,,,,,
full,ful,fulll,,,,,,,,,,,,,,,,,,,,,,,,,,,,,,,,,,,,
map,mpa,mapping,maping,mappin,mapped,maped,mappd,mapd,maps,masp,,,,,,,,,,,,,,,,,,,,,,,,,,,,
program,pogram,porgram,prgram,progrm,progra,programs,progarm,progrms,programming,programing,programmin,programmed,programed,programmd,progrmmed,programme,programe,,,,,,,,,,,,,,,,,,,,,
life,lief,lfe,lives,livs,lvies,,,,,,,,,,,,,,,,,,,,,,,,,,,,,,,,,
